id,PAGETITLE,URL_PATH,category,longitude,latitude,IMAGE_PATH,IMAGE_ALT_TEXT,PHOTOCREDITS,LASTMODIFIED,LATITUDE,LONGTITUDE,ADDRESS,POSTALCODE,OVERVIEW,EXTERNAL_LINK,META_DESCRIPTION,OPENING_HOURS,INC_CRC,FMEL_UPD_D
kml_1,National Gallery Singapore,www.yoursingapore.com/en/see-do-singapore/arts/museums-galleries/national-gallery-singapore.html,Museums,103.851355999735,1.29000000002855,www.yoursingapore.com/content/dam/desktop/global/see-do-singapore/arts/1095-national-gallery-singapore-carousel-01-rec.jpg,,Â©Darren Soh/National Gallery,2015-10-23T18:03:40.939+08:00,1.29,103.851356,1 St Andrew's Road,,Take in the region's newest and largest museum of modern Singapore and Southeast Asian art housed within two of Singaporeâ€™s awe-inspiring national monuments.,http://www.nationalgallery.sg,Take in the region's newest and largest museum of modern Singapore and Southeast Asian art housed within two of Singaporeâ€™s awe-inspiring national monuments.,"Effective from 24 November 2015, Sunday to Thursday and  public holidays,10am - 7pm ,Friday to Saturday and  eve of public holidays, 10am - 10pm",8A41138FE0684CA7,20180619175243
kml_2,Sultan Mosque (Masjid Sultan) Singapore,www.yoursingapore.com/en/see-do-singapore/culture-heritage/places-of-worship/sultan-mosque.html,Culture,103.859171000287,1.3020000004261,,,,2015-11-02T10:27:45.190+08:00,1.302,103.859171,3 Muscat Street,,"Also known as Masjid Sultan, the impressive Sultan Mosque in historic Kampong Glam is the focal point for Singaporeâ€™s Muslim community.",http://www.sultanmosque.org.sg,The impressive Sultan Mosque (also known as Masjid Sultan) in historic Kampong Glam is the focal point for Singaporeâ€™s Muslim community.,"Monday to Sunday:9.30am â€“ 12pm and 2pm â€“ 4pm ,Friday:2.30pm â€“ 4pm",A3218DB77F17BFC6,20180619175243
kml_3,Sri Mariamman Temple: Hindu Temple in Singapore,www.yoursingapore.com/en/see-do-singapore/culture-heritage/places-of-worship/sri-mariamman-temple.html,Culture,103.845380000189,1.28200000029374,www.yoursingapore.com/content/dam/desktop/global/see-do-singapore/culture-heritage/sri-mariamman-temple-carousel02-rect.jpg,Sri Mariamman Temple's ornate and elaborate detailing makes it a wonder to behold.,Joel Chua DY,2015-11-02T10:31:58.848+08:00,1.282,103.84538,244 South Bridge Road,,"Located in Chinatown, the Sri Mariamman Temple dates back to 1827 and is the oldest Hindu temple in Singapore.",http://heb.gov.sg/our-subsidiaries/temples/sri-mariamman-temple.aspx,"Sri Mariamman Temple, located in Chinatown, is the oldest Hindu temple in Singapore.","Daily from 7am â€“ 12pm, and 6pm â€“ 9pm",F66A0BB9C79777F1,20180619175243
kml_4,Armenian Church in Singapore,www.yoursingapore.com/en/see-do-singapore/culture-heritage/places-of-worship/armenian-church.html,Culture,103.849660000324,1.29300000039531,www.yoursingapore.com/content/dam/desktop/global/see-do-singapore/culture-heritage/armenian-church-carousel01-rect.jpg,The Armenian Church in Singapore is a 19th-century architectural masterpiece.,Joel Chua DY,2015-11-02T10:34:55.710+08:00,1.293,103.84966,60 Hill Street,,The oldest Christian church in Singapore is an architectural masterpiece from the early 19th century.,http://www.armeniansinasia.org/,The Armenian Church is the oldest Christian church in Singapore and an architectural masterpiece from the early 19th century.,"Daily, 9am â€“6pm",4C9C762C0E30783B,20180619175243
kml_5,CHIJMES Singapore,www.yoursingapore.com/en/see-do-singapore/architecture/historical/chijmes.html,Other,103.851680000243,1.29500000011955,www.yoursingapore.com/content/dam/desktop/global/see-do-singapore/architecture/chijmes-carousel01-rect.jpg,"The charm of CHIJMES, Singapore harks back to a bygone, gracious age.",,2015-11-02T10:13:35.220+08:00,1.295,103.85168,30 Victoria Street,,"Whether functioning as a school or a lifestyle and entertainment complex, it appears the beauty of CHIJMES is only equalled by its versatility.",http://chijmes.com.sg/,"Who would have thought a former school would make such a graceful transition? As a lifestyle and entertainment complex, CHIJMES soars high above the rest.","Daily, 24 hours,Opening hours of businesses in CHIJMES may vary.",5A0FF621153ABB8F,20180619175243
kml_6,St Andrew's Cathedral- Singapore Architecture Landmark,www.yoursingapore.com/en/see-do-singapore/culture-heritage/places-of-worship/st-andrews-cathedral.html,Culture,103.85230999961,1.2920000003645,www.yoursingapore.com/content/dam/desktop/global/see-do-singapore/culture-heritage/st-andrews-cathedral-temple-carousel01-rect-norender.jpg,Singapore's largest cathedral is worth a visit for its architectural beauty.,Saint Andrew's Cathedral,2015-11-02T10:22:49.830+08:00,1.292,103.85231,11 St Andrew's Road,,Singapore's largest cathedral is a stellar example of colonial-era architecture and heritage.,http://www.livingstreams.org.sg/sac/visitors.html,St Andrew's Cathedral is Singapore's largest cathedral and a stellar example of colonial-era architecture and heritage.,"Monday to Saturday, 9am â€“ 5pm",F104CE5D04DF4D5C,20180619175243
kml_7,Kreta Ayer Square,,Other,103.843585299874,1.2811980001643,,,,,1.281198,103.8435853,Banda Street,050005,,,,,6A7E98EDC86C67B5,20180619175243
kml_8,Albert Mall Trishaw Park,,Gardens and Nature,103.853484799781,1.29954890040453,,,,,1.2995489,103.8534848,Queen Street,188542,,,,,45D505D1EEA1778E,20180619175243
kml_9,Chinatown Food Street,,Food and Beverage,103.843792399605,1.28255329957829,,,,,1.2825533,103.8437924,Smith Street,058938,,,,,75321EDBF631A02B,20180619175243
kml_10,"Chinatown Heritage Centre, Singapore",www.yoursingapore.com/en/see-do-singapore/culture-heritage/heritage-discovery/chinatown-heritage-centre.html,Culture,103.844350000381,1.28399999981531,www.yoursingapore.com/content/dam/desktop/global/see-do-singapore/culture-heritage/chinatown-heritage-centre-carousel01-rect.jpg,Learn more about local Chinese culture at the Singapore Chinatown Heritage Centre.,Joel Chua DY,2015-11-02T10:16:52.847+08:00,1.284,103.84435,48 Pagoda Street,,Experience how Singaporeâ€™s early Chinese migrants once lived and learn more about local Chinese culture at the Chinatown Heritage Centre.,http://www.singaporechinatown.com.sg/,"At the Chinatown Heritage Centre, experience how Singaporeâ€™s early Chinese migrants once lived and learn more about local Chinese culture.","Daily, 9am â€“ 8pm,Last entry at 7pm.*Chinatown Heritage Centre will be closed for renovation from 1 October 2014 till end-2015.",7332216C5D293856,20180619175243
kml_11,"Thian Hock Keng Temple, Singapore",www.yoursingapore.com/en/see-do-singapore/culture-heritage/places-of-worship/thian-hock-keng-temple.html,Culture,103.84763000017,1.28099999981183,www.yoursingapore.com/content/dam/desktop/global/see-do-singapore/culture-heritage/thian-hock-kheng-temple-carousel01-rect.jpg,"The Thian Hock Keng Temple in Singapore is dedicated to Mazu, the Goddess of the Sea.",Joel Chua DY,2015-11-02T10:20:57.245+08:00,1.281,103.84763,158 Telok Ayer Street,,"Beautifully restored, Thian Hock Keng Temple is the oldest Chinese temple in Singapore and dedicated to Mazu, the Goddess of the Sea.",http://www.thianhockkeng.com.sg,"Thian Hock Keng Temple is the oldest Chinese temple in Singapore and dedicated to Mazu, the Goddess of the Sea.","Daily, 7.30am â€“ 5.30pm",18FFC26DC4E67365,20180619175243
kml_12,Eurasian Heritage Centre: Singapore Attraction,www.yoursingapore.com/en/see-do-singapore/culture-heritage/heritage-discovery/eurasian-heritage-centre.html,Culture,103.899420000077,1.30999999987936,www.yoursingapore.com/content/dam/desktop/global/see-do-singapore/culture-heritage/eurasian-heritage-centre-carousel01-rect.jpg,Discover the history and culture of the Eurasian community in Singapore.,Joel Chua DY,2015-11-02T10:13:25.883+08:00,1.31,103.89942,139 Ceylon Road,,This engaging heritage attraction takes you through the history and culture of the Eurasian community in Singapore.,http://www.eurasians.org.sg/,This engaging heritage attraction takes you through the history and culture of the Eurasian community in Singapore.,"Tuesday to Sunday, 9am â€“ 6pm, Closed on Monday",BAAD59F623AEBEEB,20180619175243
kml_13,Shophouses,www.yoursingapore.com/en/see-do-singapore/architecture/historical/shophouses-typology.html,Shopping,103.837336000078,1.27699999987638,www.yoursingapore.com/content/dam/desktop/global/see-do-singapore/architecture/shophouses-typology-carousel01-rect.jpg,The varying styles of Singapore's shophouses are a showcase of our evolving architecture.,,2015-11-02T10:15:26.429+08:00,1.277,103.837336,,0,"With many beautifully preserved examples on hand today, the shophouses in Singapore are prime examples of timeless architectural appeal.",,"Few buildings epitomise our culture as fully as the shophouse, with its surprisingly harmonious mix of diverse design elements.",,0EC57F4BEBE4F154,20180619175243
kml_14,Capitol Building Singapore,www.yoursingapore.com/en/see-do-singapore/architecture/historical/capitol-building-singapore.html,Other,103.851569999729,1.29400000044934,www.yoursingapore.com/content/dam/desktop/global/see-do-singapore/architecture/capitol-building-carousel01-rect-norender.jpg,The Capitol Building's distinctive facade adds a touch of grandeur to the cityscape.,,2015-11-02T10:06:38.723+08:00,1.294,103.85157,11 Stamford Road,,The queen of Singapore cinemas will soon reclaim her crown as the premier entertainment hub when Capitol Building reopens next year.,http://www.capitolsingapore.com,"Now undergoing massive restoration works, Capitol Building will emerge as Singaporeâ€™s premier entertainment hub next year.",,506DC313593D2E73,20180619175243
kml_15,Esplanade Theatre,www.yoursingapore.com/en/see-do-singapore/architecture/modern/esplanade-theatres-on-the-bay.html,Food and Beverage,103.855280000277,1.28999999976427,www.yoursingapore.com/content/dam/desktop/global/see-do-singapore/architecture/the-esplanade-theatres-on-the-bay-carousel01-rect.jpg,Catch a world-class opera or pop concert at Singaporeâ€™s premier performing arts centre.,,2015-11-02T09:14:44.054+08:00,1.29,103.85528,1 Esplanade Drive,,This boldly designed performing arts centre has become a memorable part of Singaporeâ€™s skyline.,http://www.esplanade.com,The Esplanade is boldly designed performing arts centre that has become a memorable part of Singaporeâ€™s skyline.,,F9AA0A3A4F000413,20180619175243
kml_16,Gardens by the Bay,www.yoursingapore.com/en/see-do-singapore/architecture/modern/gardens-by-the-bay.html,Gardens and Nature,103.863612999589,1.28199999966925,www.yoursingapore.com/content/dam/desktop/global/see-do-singapore/architecture/gardens-by-the-bay-carousel01-rect.jpg,"Gardens by the Bay seamlessly blends sleek design, cutting-edge technology and fun.",,2015-11-02T09:42:14.206+08:00,1.282,103.863613,18 Marina Gardens Drive,,"The lush and beautiful Gardens by the Bay is dominated by the sleekly sculptured biodomes â€“ marvels of architecture, design and engineering.",http://www.gardensbythebay.com.sg,"Biodomes, baobabs and the blossoming bounty of every conceivable plant will bowl you over at Gardens by the Bay.","Outdoor Gardens: 5am â€“ 2am,Conservatories: 9am â€“ 9pm,OCBC Skyway: 9am â€“ 9pm",76915C78AEBDC509,20180619175243
kml_17,The Interlace,www.yoursingapore.com/en/see-do-singapore/architecture/modern/the-interlace.html,Other,103.803050000142,1.28199999962561,,,,2015-11-02T09:19:31.553+08:00,1.282,103.80305,180-226 Depot Road,,Thereâ€™s more than meets the eye in The Interlaceâ€™s artful arrangement of residential blocks.,http://www.theinterlace.com,"Few buildings demonstrate out-of-the-box thinking as well as The Interlace, an intriguingly designed residential complex.",,C2F299FC784257BC,20180619175243
kml_18,PARKROYAL on Pickering,www.yoursingapore.com/en/see-do-singapore/architecture/modern/parkroyal-on-pickering.html,Gardens and Nature,103.846522000443,1.28599999964806,www.yoursingapore.com/content/dam/desktop/global/see-do-singapore/architecture/parkroyal-pickering-carousel01-rect.jpg,Pamper yourself and save the world at the same time at PARKROYAL on Pickering.,,2015-11-02T09:34:05.378+08:00,1.286,103.846522,3 Upper Pickering Street,,PARKROYAL on Pickering is a luxurious garden oasis in downtown Singapore.,http://www.parkroyalhotels.com/en/hotels-resorts/singapore/pickering.html,PARKROYAL on Pickering is a luxurious garden oasis in downtown Singapore.,,C6EFB5D7A8C68DEC,20180619175243
kml_19,Lasalle College of the Arts,www.yoursingapore.com/en/see-do-singapore/architecture/modern/lasalle-college-of-the-arts.html,Museums,103.851600000186,1.30299999964428,www.yoursingapore.com/content/dam/desktop/global/see-do-singapore/architecture/503-lasalle-college-of-the-arts-carousel01-rect..jpg,Lasalle College of the Arts pushes the boundaries of creativity in architecture,Lasalle College of the Arts,2015-11-02T09:49:08.755+08:00,1.303,103.8516,1 McNally Street,,How can something that fits so perfectly into a cityscape evoke nature as well? It all lies in the design of Lasalle College of the Arts.,https://www.lasalle.edu.sg,"Lasalle College of the Arts evokes awe with its bold, graphic lines and stunning reinterpretation of nature.","Administration Office, Monday to Friday, 9am to 6pm. Visitors can still walk around the campus after office opening hours",AD9BDC832BC45CC9,20180619175243
kml_20,Kranji War Memorial Landmark in Singapore,www.yoursingapore.com/en/see-do-singapore/history/memorials/kranji-war-memorial.html,Other,103.757490000067,1.41899999993219,www.yoursingapore.com/content/dam/desktop/global/see-do-singapore/history/kranji-war-memorial-carousel01-rect.jpg,"The serene Kranji War Memorial, Singapore is a hillside cemetery set in a quiet neighbourhood.",,2015-10-26T15:19:50.818+08:00,1.419,103.75749,9 Woodlands Road,,The Kranji War Memorial in Singapore honours the men and women from the Commonwealth who died in the line of duty during World War II.,http://bit.ly/19MZ0SB,The Kranji War Memorial in Singapore honours the men and women from the Commonwealth who died in the line of duty during World War II.,"Daily, 8am â€“ 6.30pm",6FDDFA1F3E6DFFBC,20180619175243
kml_21,Indian National Army (INA) Monument in Singapore,www.yoursingapore.com/en/see-do-singapore/history/memorials/indian-national-army-monument.html,Heritage Sites,103.854216999709,1.28999999972323,www.yoursingapore.com/content/dam/desktop/global/see-do-singapore/history/indian-national-army-carousel01-rect.jpg,The Indian National Army Monument tells an intriguing story of Singapore's past.,,2015-10-26T15:02:55.258+08:00,1.29,103.854217,Esplanade Park,0,This marker at Esplanade Park was one of the eleven World War II markers erected in 1995 to commemorate the 50th anniversary of the end of World War II.,http://www.nhb.gov.sg/places/historic-sites/indian-national-army-memorial,The Indian National Army (INA) Monument at Esplanade Park is a memorial that was built in 1995 to mark the 50th anniversary of the end of World War II.,Daily,859B928F80ABD3FC,20180619175243
kml_22,Reflections at Bukit Chandu: Singapore War Memorial,www.yoursingapore.com/en/see-do-singapore/history/memorials/reflections-at-bukit-chandu.html,Other,103.794329999699,1.28000000039258,www.yoursingapore.com/content/dam/desktop/global/see-do-singapore/history/reflections-at-bukit-chandu-carousel01-rect.jpg,Reflections at Bukit Chandu is housed in a lovingly restored colonial bungalow.,Reflections at Bukit Chandu,2015-10-26T14:52:32.405+08:00,1.28,103.79433,31-K Pepys Road,,"This heritage centre relives the Battle of Pasir Panjang, one of the fiercest battles fought against the Japanese in Singapore during World War II.",http://www.nhb.gov.sg/museums/reflections-at-bukit-chandu,"Reflections at Bukit Chandu relives the Battle of Pasir Panjang, one of the fiercest battles fought against the Japanese in Singapore during World War II.","Tuesday to Sunday, 9am â€“ 5.30pm,Closed on Monday (except on public holidays)",47440F9758199711,20180619175243
kml_23,The Cenotaph - a Singapore War Memorial Landmark,www.yoursingapore.com/en/see-do-singapore/history/memorials/cenotaph.html,Other,103.853838000323,1.29000000011184,www.yoursingapore.com/content/dam/desktop/global/see-do-singapore/history/cenotaph-carousel01-rect.jpg,"Surrounded by lush green, The Cenotaph sits at a quiet spot amid the city buzz.",,2015-10-26T15:16:16.699+08:00,1.29,103.853838,"Esplanade Park, Connaught Drive",0,This war memorial in Esplanade Park honours the heroes who fought and died during World War I and World War II.,http://www.nhb.gov.sg/places/sites-and-monuments/national-monuments/esplanade-park-memorials,The Cenotaph in Singapore is a war memorial in Esplanade Park that honours the heroes who fought and died during World War I and World War II.,Daily,C5915CD7497DF8B4,20180619175243
kml_24,The Civilian War Memorial park in Singapore,www.yoursingapore.com/en/see-do-singapore/history/memorials/civilian-war-memorial.html,Gardens and Nature,103.854617999678,1.29299999961119,,,,2015-10-26T14:58:00.714+08:00,1.293,103.854618,Bras Basah Road & Beach Road intersection,,"Situated at the War Memorial Park in Beach Road, this memorial commemorates civilian victims of the Japanese Occupation in Singapore.",http://www.nhb.gov.sg/places/sites-and-monuments/national-monuments/civilian-war-memorial,The Civilian War Memorial and park in Beach Road commemorates Singaporeâ€™s civilian victims of the Japanese Occupation during World War II.,Daily,935776C867C2D03C,20180619175243
kml_25,Sri Veeramakaliamman Temple: Hindu Temple in Singapore,www.yoursingapore.com/en/see-do-singapore/culture-heritage/places-of-worship/sri-veeramakaliamman-temple.html,Culture,103.852579999692,1.30799999960669,www.yoursingapore.com/content/dam/desktop/global/see-do-singapore/culture-heritage/sri-veeramakaliamman-temple-carousel01-rect.jpg,The Sri Veeramakaliamman Temple is a distinctive landmark in the heart of Little India.,,2015-11-02T10:25:02.966+08:00,1.308,103.85258,141 Serangoon Road,,"Sri Veeramakaliamman Temple is one of Singaporeâ€™s oldest Hindu temples, in the heart of Little India.",http://www.sriveeramakaliamman.com/,"Sri Veeramakaliamman Temple is one of Singaporeâ€™s oldest Hindu temples, in the heart of Little India.","Daily, 5.30am â€“ 9.30pm",FEDEA6040C052B81,20180619175243
kml_26,Maghain Aboth Synagogue,www.yoursingapore.com/en/see-do-singapore/architecture/historical/maghain-aboth-synagogue.html,Other,103.850810000066,1.29800000044313,,,,2015-11-02T10:18:20.061+08:00,1.298,103.85081,24/26 Waterloo Street,,"The Maghain Aboth Synagogue is a gem in more ways than one, providing both a snapshot of history and a glimpse into a rich culture.",http://www.singaporejews.com,The simple exterior of the Maghain Aboth Synagogue gives no indication of its richly elegant interiors.,"Visits are available only by appointment. For more information, email jewishwb@singnet.com.sg or call +65 6337 2189 (ext. 103)",760792BE1458AFC0,20180619175243
kml_27,Old Supreme Court Singapore,www.yoursingapore.com/en/see-do-singapore/architecture/historical/old-supreme-court.html,Other,103.851280000201,1.28999999966472,www.yoursingapore.com/content/dam/desktop/global/see-do-singapore/architecture/old-supreme-court-carousel01-rect.jpg,The Old Supreme Court lends a stately presence to the heart of Singapore city.,,2015-11-02T09:51:34.087+08:00,1.29,103.85128,1 St Andrew's Road,,"From dispensing justice to displaying art, the Old Supreme Court undergoes an overhaul for its new role as the National Gallery Singapore.",http://app.supremecourt.gov.sg/,"Due to reopen as the National Gallery Singapore, the Old Supreme Court is in itself a masterpiece of classical art.",Expected to open in 2015,0ACB270946B731B6,20180619175243
kml_28,SIT Flats Singapore,www.yoursingapore.com/en/see-do-singapore/architecture/historical/sit-flats.html,Other,103.833600000057,1.28400000017477,www.yoursingapore.com/content/dam/desktop/global/see-do-singapore/architecture/sit-flat-carousel01-rect.jpg,The charm of Tiong Bahru comes to life through its Art Deco architecture.,,2015-11-02T10:09:11.340+08:00,1.284,103.8336,Seng Poh Road and Tiong Bahru Road,0,Take a walk back in time through the Art Deco architecture in the heritage neighbourhood of Tiong Bahru.,,The Art Deco elegance of the flats in Tiong Bahru speak of the richness of a vanished world.,,F0C5D4F77C7959DD,20180619175243
kml_29,Lau Pa Sat Singapore,www.yoursingapore.com/en/see-do-singapore/architecture/historical/lau-pa-sat.html,Other,103.850439999932,1.28099999966763,www.yoursingapore.com/content/dam/desktop/global/see-do-singapore/architecture/lau-pa-sat-carousel01-rect.jpg,"Lau Pa Sat blends graceful colonial architecture, heritage and delicious food.",,2015-11-02T09:59:12.640+08:00,1.281,103.85044,18 Raffles Quay,,"The grande dame of markets in Singapore, Lau Pa Sat blends history, striking architecture and scrumptious local food into one heady experience.",http://www.laupasat.biz,"The historic market Lau Pa Sat offers a winning combination of graceful colonial architecture, a longstanding heritage and delicious food.","Daily, 24 hours",CF73CFA6827DA207,20180619175243
kml_30,"Malay Heritage Centre, Singapore",www.yoursingapore.com/en/see-do-singapore/culture-heritage/heritage-discovery/malay-heritage-centre.html,Culture,103.859860000254,1.30299999990489,www.yoursingapore.com/content/dam/desktop/global/see-do-singapore/culture-heritage/malay-heritage-centre-carousel01-rect.jpg,Delve into the rich heritage and culture of Singaporeâ€™s Malay community.,,2015-11-02T10:08:04.332+08:00,1.303,103.85986,85 Sultan Gate,,The Malay Heritage Centre is a must-visit if youâ€™re keen on learning about the rich heritage and culture of Singaporeâ€™s Malay community.,http://www.malayheritage.org.sg,The Malay Heritage Centre is a must-visit if youâ€™re keen on learning about the rich heritage and culture of Singaporeâ€™s Malay community.,"Malay Heritage Centre Museum, Tuesday to Sunday, 10am â€“ 6pm, Closed on Monday, Malay Heritage Centre Compound, Tuesday to Sunday, 8am â€“ 8pm, Friday and Saturday, 8am â€“ 10pm, Closed on Monday",83F8ACCCA113D64D,20180619175243
kml_31,Peranakan Museum Singapore: History & Culture,www.yoursingapore.com/en/see-do-singapore/culture-heritage/heritage-discovery/peranakan-museum.html,Museums,103.849200000393,1.2940000002022,www.yoursingapore.com/content/dam/desktop/global/see-do-singapore/culture-heritage/peranakan-museum-carousel01-rect.jpg,"Many communities, one nation. Find out more about our people, such as the ubiquitous Peranakans.",,2015-11-02T10:11:13.152+08:00,1.294,103.8492,39 Armenian Street,,"Get to know Singaporeâ€™s vibrant Peranakan community and history at this top-notch museum, filled with fine artefacts and fun exhibits.",http://peranakanmuseum.org.sg/,"At the Peranakan Museum, get to know Singaporeâ€™s vibrant Peranakan community and its eclectic culture and history with fun and interactive exhibits.","Saturday to Thursday, 10am â€“ 7pm, Friday, 10am â€“ 9pm",06BBBF16E7838AF6,20180619175243
kml_32,Raffles Singapore,www.yoursingapore.com/en/see-do-singapore/architecture/historical/raffles-hotel.html,Other,103.85403999972,1.29600000035821,www.yoursingapore.com/content/dam/desktop/global/see-do-singapore/architecture/raffles-hotel-carousel03-rect.jpg,The iconic Raffles Hotel has been home to both tall tales and famous folks.,"Raffles Hotel, Singapore",2015-11-02T10:11:09.028+08:00,1.296,103.85404,1 Beach Road,,"Hark back to a golden age of elegant refinement and gracious living at Raffles Singapore, where the past reawakens to glorious life.",http://www.raffleshotel.com,"Sip a Singapore Sling beneath the whirling fans at the Long Bar, and let the tranquil charms of Raffles Singapore bring you back into another era.","Daily, 24 hours",5E85C549B98314BC,20180619175243
kml_33,Gillman Barracks,www.yoursingapore.com/en/see-do-singapore/arts/performance-arts/gillman-barracks.html,Museums,103.804589999624,1.27800000008414,www.yoursingapore.com/content/dam/desktop/global/see-do-singapore/arts/543-GillmanBarracks-Carousel01-rect.jpg,,Gillman Barracks,2015-11-03T10:00:29.955+08:00,1.278,103.80459,9 Lock Road,,A former British military camp is now Asia's new Destination for Contemporary Art.,https://www.gillmanbarracks.com/,"Gillman Barracks Singapore is Asiaâ€™s vibrant new destination for the creation, exhibition and discussion of contemporary art.","Tuesday to Saturday, 11am - 7pm, Sunday, 11am - 6pm , Galleries closed on Monday and public holidays.",3D3246477E5D479E,20180619175243
kml_34,ArtScience Museum Singapore,www.yoursingapore.com/en/see-do-singapore/arts/museums-galleries/artscience-museum.html,Museums,103.859290000076,1.28599999970066,www.yoursingapore.com/content/dam/desktop/global/see-do-singapore/arts/art-science-musuem-carousel01-rect.jpg,The ArtScience Museum in Singapore hosts a variety of international touring exhibitions.,Vincent Chong,2015-11-02T18:21:50.005+08:00,1.286,103.85929,6 Bayfront Ave,,Catch world-class touring exhibitions at this premier exhibition space.,http://www.marinabaysands.com/museum.html,Catch world-class touring exhibitions at the ArtScience Museum at Marina Bay Sands.,"Daily, 10am â€“ 7pm, Last admission at 6pm",02A7C6FFBF228FAA,20180619175243
kml_35,SAM at 8Q & Singapore Art Museum,www.yoursingapore.com/en/see-do-singapore/arts/museums-galleries/8q-sam.html,Museums,103.851680000257,1.2970000001282,www.yoursingapore.com/content/dam/desktop/global/see-do-singapore/arts/8q-sam-carousel01-rect.jpg,SAM at 8Q is the funkier sister of the Singapore Art Museum.,8Q at SAM,2015-11-02T18:22:04.494+08:00,1.297,103.85168,8 Queen Street,,"An extension of the Singapore Art Museum, SAM at 8Q features contemporary art exhibitions and is home to a Moving Image Gallery, where film screenings are held.",,SAM at 8Q at the Singapore Art Museum showcases the works of Singapore contemporary artists.,"Monday to Thursday, 10am â€“ 7pm, Friday, 10am â€“ 9pm",7383D64B6FD017FE,20180619175243
kml_36,Jamae Mosque (Masjid Chulia) Singapore,www.yoursingapore.com/en/see-do-singapore/culture-heritage/places-of-worship/jamae-mosque.html,Culture,103.845539999622,1.28300000012288,www.yoursingapore.com/content/dam/desktop/global/see-do-singapore/culture-heritage/jamae-mosque-carousel01-rect.jpg,The Jamae Mosque in Singapore is one of the oldest mosques in Singapore.,,2015-11-03T10:25:29.354+08:00,1.283,103.84554,218 South Bridge Road,,"Also known as Masjid Chulia, Jamae Mosque is one of Singaporeâ€™s oldest mosques and a prominent landmark in Chinatown since the 1820s.",http://www.masjidjamaechulia.sg/,Jamae Mosque (or Masjid Chulia) is one of Singaporeâ€™s oldest mosques and a prominent landmark in Chinatown since the 1820s.,Daily,DF376519A275508C,20180619175243
kml_37,Institute of Contemporary Arts Singapore,www.yoursingapore.com/en/see-do-singapore/arts/performance-arts/institute-of-contemporary-arts.html,Museums,103.851600000186,1.30299999964428,www.yoursingapore.com/content/dam/desktop/global/see-do-singapore/arts/institute-for-contemporary-art-carousel01-rect.jpg,"Be inspired by the architecture and creativity at the Institute of Contemporary Arts, Singapore.",,2015-11-03T14:00:10.125+08:00,1.303,103.8516,"LASALLE College of the Arts, 1 McNally Street",,This experimental art space housed in a tertiary arts college will help you deepen your understanding of contemporary art.,https://www.lasalle.edu.sg/ICAS/About-ICAS,"Housed in a tertiary arts college, the Institute of Contemporary Arts Singapore will help you deepen your appreciation for experimental artworks.","Tuesday to Sunday, 12pm - 7pm, Closed on Monday and public holidays",AD9BDC8350C903BC,20180619175243
kml_38,Singapore Flyer,www.yoursingapore.com/en/see-do-singapore/recreation-leisure/viewpoints/singapore-flyer.html,Food and Beverage,103.863136999973,1.28900000033422,www.yoursingapore.com/content/dam/desktop/global/see-do-singapore/recreation-leisure/singapore-flyer-carousel01-rect-norender.jpg,Marvel at spectacular panoramas of the city skyline from the Singapore Flyer.,Singapore Flyer,2015-11-03T17:55:41.364+08:00,1.289,103.863137,30 Raffles Avenue,,"This giant observation wheel offers 360-degree city views, a panorama that stretches to parts of Malaysia and Indonesia on a clear day.",http://www.singaporeflyer.com,"The Singapore Flyer not only offers you stunning views of the city, but is one of the cityâ€™s most recognisable architectural icons.","Daily, 8.30am - 10.30pm, (last admission: 10.15pm)",9A9BD5E2B2D1A42F,20180619175243
kml_39,Marina Bay Sands,www.yoursingapore.com/en/see-do-singapore/architecture/modern/marina-bay-sands.html,Other,103.860810000284,1.28300000032845,www.yoursingapore.com/content/dam/desktop/global/see-do-singapore/architecture/marina-bay-sands-carousel01-rect.jpg,The breathtaking Marina Bay Sands is a sheer modern architectural triumph.,,2015-11-02T09:44:49.007+08:00,1.283,103.86081,10 Bayfront Avenue,,"A feat of engineering, an architectural statement and a sheer aesthetic triumph, Marina Bay SandsÂ®has upped the ante for buildings in Singapore.",http://www.marinabaysands.com,"Superlatives naturally spring to mind when beholding Marina Bay SandsÂ®. Its bold, swooping curves, steep slopes, and soaring spaces defy gravity and evoke awe.",SkyPark,8438A8927B4B6634,20180619175243
kml_40,Marina Barrage,www.yoursingapore.com/en/see-do-singapore/architecture/modern/marina-barrage.html,Other,103.871589999583,1.2810000003603,www.yoursingapore.com/content/dam/desktop/global/see-do-singapore/architecture/marina-barrage-carousel01-rect.jpg,"More than just an ordinary dam, the Marina Barrage is an ideal recreational space.",Public Utilities Board,2015-11-02T09:24:23.885+08:00,1.281,103.87159,8 Marina Gardens Drive,,This innovative facility not only supplies water to Singaporeans and helps alleviate floods but also doubles up as a place for family fun.,https://www.pub.gov.sg/marinabarrage,The Marina Barrage not only supplies water to Singaporeans and helps alleviate floods but also doubles up as a place for family fun.,"Marina Barrage - All day  Information Counter Daily, 9am â€“ 9pm",4C9E8C92AB6052D1,20180619175243
kml_41,Henderson Waves Bridge,www.yoursingapore.com/en/see-do-singapore/architecture/modern/henderson-waves.html,Other,103.815253999852,1.27599999991669,www.yoursingapore.com/content/dam/desktop/global/see-do-singapore/architecture/henderson-waves-carousel01-rect.jpg,"Explore some of the cityâ€™s best parks and trails, such as the Southern Ridges Walk.",Andrew Tan,2015-11-02T09:47:06.929+08:00,1.276,103.815254,Henderson Road,0,Lush jungle is broken up with a seriously creative twist in the fantastic form of the Henderson Waves bridge.,http://www.nparks.gov.sg,"With the Henderson Waves bridge, form meets function to stunning effect.","Daily, 24 hours",599D97F4EC870841,20180619175243
kml_42,Pinnacle@Duxton,www.yoursingapore.com/en/see-do-singapore/architecture/modern/pinnacle-at-duxton.html,Other,103.841419999716,1.27499999975364,www.yoursingapore.com/content/dam/desktop/global/see-do-singapore/architecture/the-pinnacle-duxton-carousel01-rect.jpg,The Pinnacle@Duxton's architecture is a refreshing change in a sea of concrete blocks.,Malcolm Tredinnick,2015-11-02T09:37:49.535+08:00,1.275,103.84142,1 Cantonment Road,,The soaring lines and stunning views of majestic residential estate Pinnacle at Duxton will make you forget your fear of heights. Almost.,http://www.pinnacleduxton.com.sg,"With its lofty towers and dizzying sky gardens, the Pinnacle at Duxton takes residential living to soaring new heights.","50th storey Skybridge, Daily, 9am â€“10pm",E103170995E2D57B,20180619175243
kml_43,Hajjah Fatimah Mosque,www.yoursingapore.com/en/see-do-singapore/architecture/historical/hajjah-fatimah-mosque.html,Culture,103.862850000017,1.30299999989835,/content/dam/desktop/global/see-do-singapore/architecture/hajjah-fatimah-mosque-carousel01-rect.jpg,The Hajjah Fatimah Mosque in Singapore features an intriguing blend of cross-cultural architectural influences.,,2015-11-02T09:55:25.479+08:00,1.303,103.86285,4001 Beach Road,,The Hajjah Fatimah Mosque will captivate you with its intriguing blend of cross-cultural architectural influences.,,"With its tilting European-style minaret and Chinese tiling, the Hajjah Fatimah Mosque is one of the most unique mosques in Singapore.","Daily, 9am â€“9pm",46693400A116E7AE,20180619175243
kml_44,Haw Par Villa: Singapore Theme Park,www.yoursingapore.com/en/see-do-singapore/culture-heritage/heritage-discovery/haw-par-villa.html,Gardens and Nature,103.783139999845,1.28600000034651,,,,2015-11-02T10:03:18.577+08:00,1.286,103.78314,262 Pasir Panjang Road,,Embark on an unforgettable journey into Chinese folklore and mythology at the Haw Par Villa theme park.,,A visit to the Haw Par Villa theme park is an unforgettable journey into Chinese folklore and mythology.,"Daily, 9am â€“ 7pm",268CDAD9B7FF78AB,20180619175243
kml_45,NUS Baba House - Singapore Peranakan Architecture,www.yoursingapore.com/en/see-do-singapore/culture-heritage/heritage-discovery/nus-baba-house.html,Culture,103.837310000012,1.27699999991699,www.yoursingapore.com/content/dam/desktop/global/see-do-singapore/culture-heritage/baba-house-carousel02-rect.jpg,Beautifully preserved architecture and artefacts make the NUS Baba House a must-visit.,,2015-11-02T10:05:26.618+08:00,1.277,103.83731,157 Neil Road,,"This heritage house lends rich insight into Singapore's Peranakan community, thanks to beautifully preserved architecture and artefacts.",http://www.nus.edu.sg/museum/baba,"NUS Baba House is a heritage house that gives a rich look at Singapore's Peranakan community, thanks to beautifully preserved architecture and artefacts.","Visits are by appointment only.Visitors must sign up in advance for heritage tours which fall on:Monday, 2pm â€“ 3pm,Tuesday, 6.30pm â€“ 7.30pm,Thursday, 10am â€“ 11am,Saturday, 11am â€“ 12pm",9E7DDB2F4473C7B0,20180619175243
kml_46,Hong San See Temple Singapore,www.yoursingapore.com/en/see-do-singapore/architecture/historical/hong-san-see.html,Culture,103.841222000429,1.29300000019576,,,,2015-11-02T10:04:31.503+08:00,1.293,103.841222,31 Mohamed Sultan Road,,"Restored by expert craftsmen from China, the Hong San See temple has been brought back to its full glory.",,Dancing dragons and prancing phoenixes are just some of the visual delights to catch at the exquisitely restored Hong San See temple.,Daily,E321462F6848B108,20180619175243
kml_47,"Chinese Heritage Centre, Singapore",www.yoursingapore.com/en/see-do-singapore/culture-heritage/heritage-discovery/chinese-heritage-centre.html,Culture,103.683980000196,1.34400000009745,www.yoursingapore.com/content/dam/desktop/global/see-do-singapore/culture-heritage/chinese-heritage-centre-carousel02-rect.jpg,Explore questions on ethnic identity such as what it means to be a Chinese.,"Chinese Heritage Centre, NTU",2015-11-02T09:59:33.922+08:00,1.344,103.68398,12 Nanyang Drive,,The Chinese Heritage Centre in Singapore is where you can find out more about overseas Chinese communities and their culture.,http://chc.ntu.edu.sg/,The Chinese Heritage Centre in Singapore is where you can find out more about overseas Chinese communities and their culture.,"Monday to Friday, 9.30am â€“ 5pm,Saturday and Sunday, 10am â€“5pm, Closed on public holidays",D45AB32E8C4F8C9D,20180619175243
kml_48,Kampong Glam & Malay Culture in Singapore,www.yoursingapore.com/en/see-do-singapore/places-to-see/kampong-glam.html,Other,103.859500000073,1.30199999972461,www.yoursingapore.com/content/dam/desktop/global/see-do-singapore/places-to-see/kampong-glam-carousel01-rect-norender.jpg,"Delve into Malay culture at the heart of its community, Kampong Glam Singapore.",,2015-10-22T12:28:04.683+08:00,1.302,103.8595,3 Muscat Street,,"Discover Kampong Glam's rich history, living traditions, excellent eateries and trendy shops in this vibrant neighbourhood.",http://www.kampongglam.org.sg/,"Discover the heart of Singaporeâ€™s Malay community, living traditions, excellent eateries and trendy shops in vibrant Kampong Glam.",,BBD5ED22B1A56BA8,20180619175243
kml_49,Contemporary Arts Center,www.yoursingapore.com/en/see-do-singapore/arts/performance-arts/centre-for-contemporary-art.html,Museums,103.804499999613,1.27500000017978,www.yoursingapore.com/content/dam/desktop/global/see-do-singapore/arts/afiq_omar_rect.jpg,"The Contemporary Arts Center hosts exhibitions, live performances, film screenings and talks by visiting artists and curators.",Courtesy of NTU CCA Singapore,2015-10-20T12:34:59.810+08:00,1.275,103.8045,43 Malan Road,,"This university arts research centre explores contemporary art through exhibitions, public programmes, residencies and research programmes.",http://www.ntu.ccasingapore.org/,The Contemporary Arts Center at the Nanyang Technological University uses a variety of medium to explore contemporary art.,"Tuesday to Sunday, 12pm â€“ 7pm Friday, 12pm â€“ 9pm , Closed on Monday. Open on public holiday.",6A6F2B61557D2044,20180619175243
kml_50,"The Substation, Singapore Contemporary Art Centre",www.yoursingapore.com/en/see-do-singapore/arts/performance-arts/the-substation.html,Museums,103.849339999661,1.29400000022149,,,,2015-10-20T12:32:55.819+08:00,1.294,103.84934,45 Armenian Street,,This experimental arts centre gives a space for contemporary artists to try out new concepts.,http://www.substation.org,The Substation is an experimental arts centre that gives a space for contemporary artists to try out new concepts.,"The Substation Box Office ,Monday to Friday, 12pm - 2pm and 5pm - 8pm.Saturday and Sunday, open an hour prior to weekend showtimes. Closed on public holidays.The Substation Gallery Daily, 12pm â€“ 9pm Closed on public holidays",B4C55CC9FDE0F260,20180619175243
kml_51,"Red Dot Design Museum, Singapore",www.yoursingapore.com/en/see-do-singapore/arts/museums-galleries/red-dot-design-museum.html,Museums,103.845719999712,1.27799999983636,www.yoursingapore.com/content/dam/desktop/global/see-do-singapore/arts/red-dot-design-museum-carousel01-rect.jpg,Award-winning exhibits at the Red Dot Design Museum in Singapore are sure to delight design fans.,Red Dot Museum,2015-10-20T12:16:22.647+08:00,1.278,103.84572,"28 Maxwell Road, Red Dot Traffic",,"This museum holds more than 1,000 award-winning products, communications and concepts that will delight design fans.",http://museum.red-dot.sg,"The Red Dot Design Museum holds more than 1,000 products and items that are winners for their good design.","Monday - Friday, 11am â€“ 6 pm, Saturday and Sunday, 11am â€“ 8 pm",A8B7CE8F39CCEF90,20180619175243
kml_52,Singapore Art Museum,www.yoursingapore.com/en/see-do-singapore/arts/museums-galleries/singapore-art-museum.html,Museums,103.851068000204,1.297,www.yoursingapore.com/content/dam/desktop/global/see-do-singapore/arts/singapore-art-museum-carousel01-rect-norender.jpg,Get to know the works of contemporary artists around Southeast Asia at the Singapore Art Museum.,,2015-10-20T11:37:44.504+08:00,1.297,103.851068,71 Bras Basah Road,,"Singapore Art Museum is Singaporeâ€™s contemporary art museum, focused on Southeast Asian contemporary art.",http://www.singaporeartmuseum.sg,The Singapore Art Museum houses the worldâ€™s largest public collection of contemporary Southeast Asian artworks.,"Monday to Thursday, 10am â€“ 7pm, Friday, 10am â€“ 9pm",B4605FC262DB3F21,20180619175243
kml_53,Esplanade Theatres on the Bay,www.yoursingapore.com/en/see-do-singapore/arts/performance-arts/esplanade-theatres-on-the-bay.html,Food and Beverage,103.855280000277,1.28999999976427,www.yoursingapore.com/content/dam/desktop/global/see-do-singapore/arts/the-esplanade-carousel01-rect.jpg,"Get your dose of creativity at Esplanade Theatres on the Bay, Singapore's premier arts centre.","Mori Hidetaka, Courtesy of Esplanade â€“ Theatres on the Bay",2015-10-20T12:21:35.825+08:00,1.29,103.85528,1 Esplanade Drive,,Catch a non-stop line-up of world-class performances at Singaporeâ€™s premier arts centre.,http://www.esplanade.com/index.jsp,Esplanade Theatres on the Bay is the countryâ€™s premier arts centre as well as an iconic landmark on the cityâ€™s skyline.,"Box Office Opening Hours Daily, 12pm â€“ 8.30pm, The Esplanade Box Office will open 1 hour prior to show commencement for shows before 12 noon and will remain open up to half an hour after show commencement for shows starting after 8.30pm.",F9AA0A3A98D9D27B,20180619175243
kml_54,"National Design Centre, Singapore",www.yoursingapore.com/en/see-do-singapore/arts/museums-galleries/national-design-centre.html,Museums,103.853509999607,1.29899999963357,www.yoursingapore.com/content/dam/desktop/global/see-do-singapore/arts/national-design-centre-carousel01-rect.jpg,"Explore the wonderful world of design at the National Design Centre, Singapore.",National Design Centre,2015-10-20T11:24:02.450+08:00,1.299,103.85351,111 Middle Road,,"The National Design Centre is the nexus for all things design. It hosts design exhibitions, events and programmes that will quicken the pulse of design lovers.",http://www.designsingapore.org/ndc/About_NDC.aspx,The National Design Centre is a design loverâ€™s dream destination.,"Daily, 9.00am â€“ 9.00pm",A1F25F990EF373CE,20180619175243
kml_55,Victoria Theatre Singapore,www.yoursingapore.com/en/see-do-singapore/arts/performance-arts/victoria-theatre-concert-hall.html,Food and Beverage,103.851641000103,1.28799999967014,www.yoursingapore.com/content/dam/desktop/global/see-do-singapore/arts/victoria-theatre-concert-hall-caurousel01-rect.jpg,"Catch world-class performances at stunning venues, like The Victoria Theatre and Concert Hall.",,2015-10-22T09:40:49.148+08:00,1.288,103.851641,11 Empress Place,,"After a four-year refurbishment, the Victoria Theatre and Concert Hall has since reopened, with its first official concert held there in August 2014.",https://www.nac.gov.sg/arts-spaces/nac-arts-venues,The historic Victoria Theatre and Concert Hall has been transformed to meet the needs of a modern audience.,"Daily, 10am â€“ 9pm",5B5888031CB1474A,20180619175243
kml_56,"NUS University Museum, Singapore",www.yoursingapore.com/en/see-do-singapore/arts/museums-galleries/nus-museum.html,Museums,103.772686000377,1.30200000010665,www.yoursingapore.com/content/dam/desktop/global/see-do-singapore/arts/nus-museum-carousel01-rect.jpg,"The NUS Museum in Singapore houses more than 8,000 exhibits that take you back to the past.",,2015-10-20T11:32:34.809+08:00,1.302,103.772686,"50 Kent Ridge Crescent, National University of Singapore",,Get a deeper insight into Asian art and artefacts at this museum on the campus of the National University of Singapore.,http://www.nus.edu.sg/cfa/museum/,Get a deeper insight into Asian art and artefacts at NUS Museum at Singaporeâ€™s leading university.,"Tuesday to Friday, 10am â€“ 7.30pm,Saturday and Sunday, 10am â€“ 6pm",7DBC3F0E501D2FD0,20180619175243
kml_57,Sun Yat Sen Memorial Hall,www.yoursingapore.com/en/see-do-singapore/history/memorials/sun-yat-sen-memorial-hall.html,Other,103.846919999956,1.32800000043729,www.yoursingapore.com/content/dam/desktop/global/see-do-singapore/history/sun-yat-sen-memorial-hall-carousel01-rect.jpg,The Sun Yat Sen Memorial Hall pays tribute to the revolutionary leader.,Choo Yut Shing,2015-10-26T14:46:02.086+08:00,1.328,103.84692,12 Tai Gin Road,,This revamped museum is a fitting tribute to the intriguing life and times of Chinese revolutionary leader Dr Sun Yat Sen.,http://www.sysnmh.org.sg,The Sun Yat Sen Memorial Hall is a fitting tribute to the intriguing life and times of Chinese revolutionary leader Dr Sun Yat Sen.,"Tuesday to Sunday, 10am â€“ 5pm, Closed on Monday",5D6EE2A55F8543E0,20180619175243
kml_58,Asian Civilisations Museum & Singapore Museum,www.yoursingapore.com/en/see-do-singapore/history/history-museums/asian-civilizations-museum.html,Museums,103.851723000056,1.28700000036136,www.yoursingapore.com/content/dam/desktop/global/see-do-singapore/history/asian-civilizations-museum-carousel01-rect.jpg,"The Asian Civilizations Museum, Singapore is a historic building that tells the story of Asian civilisation.",National Heritage Board,2015-10-26T14:28:34.961+08:00,1.287,103.851723,1 Empress Place,,"Housed in a historical building by the Singapore River, this museum tells the stories of Asian civilisations through its permanent collections.",http://acm.org.sg/,"Housed in a historical building by the Singapore River, this museum is a microcosm of Asian civilisations spread over 11 galleries.","Saturday to Thursday, 10am â€“ 7pm, Friday, 10am â€“ 9pm",A10C6E40AC6C7348,20180619175243
kml_59,National Museum of Singapore,www.yoursingapore.com/en/see-do-singapore/history/history-museums/national-museum-of-singapore.html,Museums,103.848829999567,1.29700000031219,www.yoursingapore.com/content/dam/desktop/global/see-do-singapore/history/national-museum-of-singapore-carousel01-rect.jpg,The National Museum of Singapore building is also an architectural icon that is stunning to behold.,National Heritage Board,2015-10-26T14:25:34.625+08:00,1.297,103.84883,93 Stamford Road,,Singaporeâ€™s oldest museum is a progressive showcase of the countryâ€™s history and culture.,http://nationalmuseum.sg/,The National Museum of Singapore is a progressive showcase of the countryâ€™s history and culture.,"Singapore History Gallery Daily, 10am â€“ 6pm,Last admission at 5.30pm.Singapore Living Galleries Daily, 10am â€“ 8pm Free admission from 6pm â€“8pm , Last admission at 7.30pm",F27784301E60DA7F,20180619175243
kml_60,The Japanese Cemetery Park,www.yoursingapore.com/en/see-do-singapore/history/memorials/japanese-cemetery-park.html,Gardens and Nature,103.87583999995,1.36400000042371,www.yoursingapore.com/content/dam/desktop/global/see-do-singapore/history/japanese-cemetery-park-carousel01-rect.jpg,"The Japanese Cemetery Park holds the ashes of thousands of Japanese soldiers, marines and airmen killed during World War II.",,2015-10-26T14:42:00.436+08:00,1.364,103.87584,825B Chuan Hoe Avenue,,"Located in Hougang, this is the largest Japanese cemetery in Southeast Asia and the burial ground of Singaporeâ€™s early Japanese community.",,"The Japanese Cemetery Park is the largest Japanese cemetery in Southeast Asia, containing nearly 1,000 graves of Singaporeâ€™s early Japanese community.",Daily,AAC47560B5B56D89,20180619175243
kml_61,"Dalhousie Obelisk, a Singapore Landmark",www.yoursingapore.com/en/see-do-singapore/history/memorials/dalhousie-obelisk.html,Other,103.852380000212,1.28700000003106,www.yoursingapore.com/content/dam/desktop/global/see-do-singapore/history/dalhousie-obelisk-carousel01-rect.jpg,The Dalhousie Obelisk is a historically significant piece of Singapore architecture.,Joel Chua DY,2015-10-26T14:38:19.671+08:00,1.287,103.85238,1 Empress Place,,Dalhousie Obelisk at Empress Place is a famous architectural landmark in Singapore.,,Dalhousie Obelisk at Empress Place is a famous architectural landmark in Singapore.,Daily,3E08894007354254,20180619175243
kml_62,Raffles Statue Sir Stamford Raffles Landing Site,www.yoursingapore.com/en/see-do-singapore/history/memorials/sir-raffles-statue-landing-site.html,Heritage Sites,103.850844999928,1.28799999987307,,,,2015-10-26T14:48:54.546+08:00,1.288,103.850845,"Raffles Landing Site , 59 Boat Quay",,"The sculpture depicts Sir Stamford Raffles, founder of modern Singapore. Two statues exist, at the Raffles Landing Site and Empress Place.",,"Raffles Statue depicts the founder of modern Singapore, Sir Stamford Raffles. Two statues exist today, at the Raffles Landing Site and Empress Place.",Daily,DC86CA981B710A4D,20180619175243
kml_63,Singapore Philatelic Museum,www.yoursingapore.com/en/see-do-singapore/history/history-museums/philatelic-museum.html,Museums,103.848700000201,1.29300000009493,www.yoursingapore.com/content/dam/desktop/global/see-do-singapore/history/singapore-philatetic-museum-carousel01-rect.jpg,Take a colourful trip back in time at this Singapore museum dedicated to postage stamps and related materials.,Singapore Philatelic Museum,2015-10-26T14:31:26.106+08:00,1.293,103.8487,23-B Coleman Street,,The Singapore Philatelic Museum offers windows into Singapore and the world through stamps.,http://spm.org.sg,The Philatelic Museum offers visitors postage stamp-sized windows into Singapore and the rest of the world.,"Monday, 1pm â€“ 7pm,Tuesday to Sunday, 9.30am â€“ 7pm",5B73DB247FBCA574,20180619175243
kml_64,Old Ford Factory Singapore Museum,www.yoursingapore.com/en/see-do-singapore/history/history-museums/memories-at-ford-factory.html,Museums,103.768830000262,1.35199999972595,www.yoursingapore.com/content/dam/desktop/global/see-do-singapore/history/memories-at-ford-factory-carousel01-rect.jpg,"The site of the first Ford plant in Southeast Asia, the Old Ford Factory in Singapore is a journey to the past.",Joel Chua DY,2015-10-26T14:21:11.852+08:00,1.352,103.76883,351 Upper Bukit Timah Road,,The Old Ford Factory holds an archive of memories about Singapore's wartime occupation by the Japanese.,http://www.nas.gov.sg/moff/Home.aspx,The Old Ford Factory is a repository of memories about the hardships endured during the Japanese Occupation of Singapore.,"Monday to Saturday, 9am â€“ 5.30pm,Sunday, 12pm â€“ 5.30pm",F217B13C0A456F8F,20180619175243
kml_65,Singapore Coins and Notes Museum & Museum Singapore,www.yoursingapore.com/en/see-do-singapore/history/history-museums/singapore-coins-notes-museum.html,Museums,103.844519999686,1.28300000029365,www.yoursingapore.com/content/dam/desktop/global/see-do-singapore/history/singapore-coins-and-notes-museum-carousel01-rect.jpg,Explore the city of Singapore through its coins and notes over the years at the Singapore Coins and Notes Museum.,Joel Chua DY,2015-10-26T14:00:10.268+08:00,1.283,103.84452,"40 Pagoda Street, Level 1",,The rare collection of currencies on display here tells Singaporeâ€™s story through the money it has used over the years.,http://www.singaporecoinsandnotesmuseum.com/index1.php,The Singapore Coins and Notes Museum tells the story of Singapore through the currencies it has used over the years.,"Daily, 10am â€“ 8pm",05EF8EBBB8DE1D58,20180619175243
kml_66,Singapore City Gallery,www.yoursingapore.com/en/see-do-singapore/history/history-museums/singapore-city-gallery.html,Museums,103.845129999612,1.2800000002552,www.yoursingapore.com/content/dam/desktop/global/see-do-singapore/history/singapore-city-gallery-carousel02-rect.jpg,,,2015-10-26T14:11:48.280+08:00,1.28,103.84513,"45 Maxwell Road, The URA Centre",,The Singapore City Gallery tells the story of the cityâ€™s physical transformation.,http://www.ura.gov.sg/uol/citygallery.aspx,The Singapore City Gallery tells the story of the cityâ€™s physical transformation.,"Monday to Saturday, 9am â€“ 5pm",F0CCAF5D64E8F5DF,20180619175243
kml_67,Changi Museum Singapore,www.yoursingapore.com/en/see-do-singapore/history/history-museums/changi-museum.html,Museums,103.974029999804,1.36199999967277,www.yoursingapore.com/content/dam/desktop/global/see-do-singapore/history/changi-museum-carousel01-rect.jpg,Explore our wartime past by learning about the Fall of Singapore and the infamous Changi Prison.,Joel Chua DY,2015-10-26T14:03:31.564+08:00,1.362,103.97403,1000 Upper Changi Road North,,Changi Museum provides an emotional exploration of Singaporeâ€™s wartime history during the Japanese Occupation.,http://www.changimuseum.sg,Changi Museum provides an emotional exploration of Singaporeâ€™s wartime history during the Japanese Occupation.,"Daily, 9:30am â€“ 5pm,(Last admission: 4.30pm)",4CD202077C0535A8,20180619175243
kml_68,MINT Museum of Toys Singapore & Toy Museum,www.yoursingapore.com/en/see-do-singapore/history/history-museums/mint-musuem-of-toys.html,Museums,103.8543900004,1.29600000016754,www.yoursingapore.com/content/dam/desktop/global/see-do-singapore/history/mint-museum-of-toys-carousel02-rect.jpg,"More than 50,000 vintage toys from as many as 40 countries are on display at this Singapore toy museum.",,2015-10-26T14:08:00.518+08:00,1.296,103.85439,26 Seah Street,,This toy museum will delight both adults and kids with the vast collection of vintage toys and memorabilia from around the world.,http://www.emint.com,Singapore's MINT Museum of Toys' vast collection of vintage toys will delight both kids and adults.,"Daily, 9.30am â€“ 6.30pm",AAFD449D4F301E02,20180619175243
kml_69,Lim Bo Seng Memorial,www.yoursingapore.com/en/see-do-singapore/history/memorials/lim-bo-seng-memorial.html,Other,103.853027000095,1.28800000012399,www.yoursingapore.com/content/dam/desktop/global/see-do-singapore/history/lim-bo-seng-memorial-carousel01-rect.jpg,The Lim Bo Seng Memorial commemorates one of Singapore's heroes from World War II.,,2015-10-26T15:07:36.240+08:00,1.288,103.853027,"Esplanade Park, Connaught Drive",0,This gazetted national monument at Esplanade Park commemorates one of Singaporeâ€™s heroes from World War II.,http://www.nhb.gov.sg/places/sites-and-monuments/national-monuments/esplanade-park-memorials,The gazetted Lim Bo Seng Memorial at Esplanade Park commemorates one of Singaporeâ€™s heroes from World War II.,Daily,4EFF4F4C99B404D7,20180619175243
kml_70,Universal Studios Singapore Theme Park,www.yoursingapore.com/en/see-do-singapore/recreation-leisure/fun-things-to-do/universal-studios-singapore.html,Food and Beverage,103.823808000066,1.25400000004754,www.yoursingapore.com/content/dam/desktop/global/see-do-singapore/recreation-leisure/universal-studios-singapore-carousel01-rect.jpg,Southeast Asia's first Hollywood movie theme park offers a dizzying selection of entertainment offerings.,,2015-09-29T15:30:43.563+08:00,1.254,103.823808,"8 Sentosa Gateway, Sentosa Island",,Step into the glamorous world of movies at this world-class theme park located within Resorts World Sentosaâ„¢.,http://www.rwsentosa.com/language/en-US/Homepage/Attractions/UniversalStudiosSingapore,Universal Studios Singaporeâ„¢ at Resorts Worldâ„¢ Sentosa is a movie-themed entertainment park that the whole family can enjoy.,Open daily at 10am.Closing time varies. Please visit the official website for more information.,DB45FE524993575F,20180619175243
kml_71,Singapore Science Centre,www.yoursingapore.com/en/see-do-singapore/recreation-leisure/fun-things-to-do/science-centre.html,Food and Beverage,103.735872000168,1.33300000025505,,Adults and kids of all ages who are not even science buffs will have fun at the Singapore Science Centre.,,2015-09-22T10:24:38.376+08:00,1.333,103.735872,15 Science Centre Road,,This enlightening attraction holds the largest collection of educational materials devoted to science in Singapore.,http://www.science.edu.sg/Pages/SCBHome.aspx,Singapore Science Centre holds the largest collection of educational materials devoted to science in the country.,"Science Centre Singapore Daily, 10am â€“ 6pm(last admission: 5.15pm) .Omni Theatre Daily, 12pm â€“ 6pm (last show: 6pm) . Snow City Daily, 10am â€“ 6pm (last admission: 5pm) School and public holidays, 10am â€“ 7pm (last admission: 6pm)",6FAA32B7C50261E2,20180619175243
kml_72,Fuk Tak Chi Museum & Places of Interest,www.yoursingapore.com/en/see-do-singapore/culture-heritage/heritage-discovery/fuk-tak-chi-museum.html,Museums,103.848869999594,1.28300000004144,www.yoursingapore.com/content/dam/desktop/global/see-do-singapore/culture-heritage/fuk-tak-chi-carousel02-rect.jpg,Marvel at the Fuk Tak Chi Museum's carefully restored architecture in the heart of Chinatown.,Joel Chua DY,2015-09-08T15:13:53.486+08:00,1.283,103.84887,76 Telok Ayer Street,,Fuk Tak Chi Museum was once the oldest Chinese temple in Singapore and is an elegant example of restored architecture in Chinatown.,http://www.fareastsquare.com.sg/home/index.aspx?key=fuktakchimuseum,Fuk Tak Chi Museum was once the oldest Chinese temple in Singapore and is an elegant example of restored architecture in Chinatown.,"Daily, 10am â€“ 10pm",7ECA5CEEE4C356D6,20180619175243
kml_73,Katong Antique House Singapore: Peranakan Heritage,www.yoursingapore.com/en/see-do-singapore/culture-heritage/heritage-discovery/katong-antique-house.html,Culture,103.907140000432,1.30700000044235,www.yoursingapore.com/content/dam/desktop/global/see-do-singapore/culture-heritage/katong-antique-house-carousel01-rect.jpg,Marvel at antiques and heirlooms worthy of any museum collection at the Katong Antique House.,,2015-09-08T14:39:06.950+08:00,1.307,103.90714,208 East Coast Road,,"Step into this fully restored bona fide Peranakan family home, and admire the many antiques and heirlooms worthy of any museum collection.",,"Step into this fully restored bona fide Peranakan family home, and admire the many antiques and heirlooms worthy of any museum collection.","Daily, 11am â€“ 4.30pm",F7836D1C9B916BE8,20180619175243
kml_74,Chinese Garden Singapore,www.yoursingapore.com/en/see-do-singapore/nature-wildlife/parks-gardens/chinese-garden.html,Gardens and Nature,103.729999999692,1.33900000025448,www.yoursingapore.com/content/dam/desktop/global/see-do-singapore/nature-wildlife/chinese-garden-carousel01-rect.jpg,"Step back in time to ancient China at the beautiful Chinese Garden, Singapore.",Vincent Chong,2015-10-02T11:19:38.384+08:00,1.339,103.73,1 Chinese Garden Road,,A tranquil patch of imperial China in the west of Singapore is pleasant respite from the bustle of the city.,http://www.nhb.gov.sg/resources/virtual-exhibitions-and-tours/walking-through-heritage/chinese-garden,A tranquil patch of imperial China in the west of Singapore is pleasant respite from the bustle of the city.,"Daily, 6am â€“ 11pm",3C917E2CD86E361B,20180619175243
kml_75,East Coast Park Singapore,www.yoursingapore.com/en/see-do-singapore/nature-wildlife/parks-gardens/east-coast-park.html,Gardens and Nature,103.912186999915,1.30100000016245,www.yoursingapore.com/content/dam/desktop/global/see-do-singapore/nature-wildlife/east-coast-park-carousel03-rect.jpg,"Whether you prefer water sports, rollerblading or cycling, find a myriad of things to do at East Coast Park, Singapore.",Joel Chua DY,2015-10-02T14:29:32.607+08:00,1.301,103.912187,Along East Coast Parkway and East Coast Park Service Road,0,"With so many attractions packed into this 15-km stretch of beaches, youâ€™ll never run out of things to do.",http://www.nparks.gov.sg/cms/index.php?option=com_visitorsguide&task=parks&id=14&Itemid=371,"With so many attractions packed into the 15-km stretch of beaches at East Coast Park, youâ€™ll never run out of things to do.",,D0E1D8FF4A96DF2D,20180619175243
kml_76,Fort Canning Park,www.yoursingapore.com/en/see-do-singapore/nature-wildlife/parks-gardens/fort-canning-park.html,Gardens and Nature,103.846508999953,1.29499999991843,www.yoursingapore.com/content/dam/desktop/global/see-do-singapore/nature-wildlife/fort-canning-park-carousel01-rect.jpg,"Take a stroll back in time at Fort Canning Park, Singapore - a landmark full of history.",Joel Chua DY,2015-10-02T14:32:42.018+08:00,1.295,103.846509,"Bounded by Hill Street, Canning Rise, Clemenceau Avenue and River Valley Road",,"Whether youâ€™re a history buff, music fan or nature lover, this historic landmark on a hill is full of surprises.",http://www.nparks.gov.sg/cms/index.php?option=com_visitorsguide&task=parks&id=16Th,"Whether youâ€™re a history buff, music fan or nature lover, this historic Fort Canning Park has something for everyone.",,38782D28A71F3E85,20180619175243
kml_77,"Kusu Island, Singapore",www.yoursingapore.com/en/see-do-singapore/nature-wildlife/singapore-islands/kusu-island.html,Gardens and Nature,103.860523000238,1.2230000003663,,,,2015-09-09T09:44:33.992+08:00,1.223,103.860523,Kusu Island,,"If youâ€™re looking for local heritage off the beaten track with a good dash of nature, Kusu Island hits the spot.",http://www.sentosa.com.sg/en/nature/southern-islands/kusu-island/,"Kusu Island lies to the south of Singapore, and has a wonderful mix of local heritage and beach activities.",,5F10ACC32D85616C,20180619175243
kml_78,"Jurong Bird Park, Singapore: Attractions & Things to Do",www.yoursingapore.com/en/see-do-singapore/nature-wildlife/fun-with-animals/jurong-bird-park.html,Gardens and Nature,103.706441999582,1.3189999996204,www.yoursingapore.com/content/dam/desktop/global/see-do-singapore/nature-wildlife/jurong-bird-park-carousel01-rect.jpg,Enjoy close encounters with some of our prettiest and rarest feathered friends at the Jurong Bird Park.,,2015-09-22T10:10:33.155+08:00,1.319,103.706442,2 Jurong Hill,,"Jurong Bird Park has almost every species to impress avian lovers, along with fun exhibits, interactive shows, and of course, its charming residents.",http://www.birdpark.com.sg,"Jurong Bird Park has almost every species to impress avian lovers, along with fun exhibits, interactive shows, and of course, its charming residents.","Daily, 8.30am - 6pm",E2FBCC953D5F4AC1,20180619175243
kml_79,HortPark,www.yoursingapore.com/en/see-do-singapore/nature-wildlife/parks-gardens/hortpark.html,Gardens and Nature,103.799723999918,1.279,www.yoursingapore.com/content/dam/desktop/global/see-do-singapore/nature-wildlife/hortpark-carousel01-rect.jpg,"Escape the buzz of the city at HortPark, Singapore.",National Parks Board,2015-09-09T09:47:25.899+08:00,1.279,103.799724,33 Hyderabad Road,,Lose yourself in this dreamscape of stunning gardens that will make you forget the bustle of city.,http://www.nparks.gov.sg/cms/index.php?option=com_visitorsguide&task=parks&id=17&Itemid=73,HortPark is a gorgeous collection of stunning gardens and plants that will make you  forget about the bustle of city.,"Daily, 6am â€“10pm",381418C90B272057,20180619175243
kml_80,Adventure Cove Waterparkâ„¢ Singapore,www.yoursingapore.com/en/see-do-singapore/recreation-leisure/fun-things-to-do/adventure-cove.html,Food and Beverage,103.819525000185,1.25700000040487,www.yoursingapore.com/content/dam/desktop/global/see-do-singapore/recreation-leisure/adventure-cove-carousel01-rect.jpg,"Adventure Cove Waterparkâ„¢, Singapore is the perfect place to have fun with loved ones.",,2015-09-23T19:20:35.693+08:00,1.257,103.819525,"8 Sentosa Gateway, Sentosa Island",,Make a big splash at this aquatic adventure park at Resorts Worldâ„¢ Sentosa.,http://www.rwsentosa.com/language/en-US/Homepage/Attractions/MarineLifePark/AdventureCoveWaterpark,Adventure Cove Waterparkâ„¢ Singapore at Resorts Worldâ„¢ Sentosa promises a day of wet and wild fun in the sun.,"Daily, 10am â€“ 6pm",84163E94B06A5E91,20180619175243
kml_81,Lasalle College of the Arts,www.yoursingapore.com/en/see-do-singapore/architecture/modern/lassalle-college-of-the-arts.html,Museums,103.851600000186,1.30299999964428,www.yoursingapore.com/content/dam/desktop/global/see-do-singapore/architecture/lasalle-college-of-the-arts-carousel01-rect.jpg,Lasalle College of the Arts pushes the boundaries of creativity in architecture.,,2015-09-24T12:37:44.129+08:00,1.303,103.8516,1 McNally Street,,How can something that fits so perfectly into a cityscape evoke nature as well? It all lies in the design of Lasalle College of the Arts.,https://www.lasalle.edu.sg,How can something that fits so perfectly into a cityscape evoke nature as well? It all lies in the design of Lasalle College of the Arts.,"Administration Office Monday to Friday, 9am â€“ 6pm.Visitors can still walk around the campus after office opening hours.",AD9BDC832F37C922,20180619175243
kml_82,Singapore River: History & Culture Tours,www.yoursingapore.com/en/see-do-singapore/places-to-see/singapore-river.html,Other,103.846760000022,1.28800000040685,www.yoursingapore.com/content/dam/desktop/global/see-do-singapore/places-to-see/singapore-river-carousel01-rect.jpg,Take a stroll along the Singapore River and see how the city came to be.,,2015-10-12T15:16:52.053+08:00,1.288,103.84676,10 Eu Tong Sen Street,,"Get to know historic Singapore River and its famous quays: Boat Quay, Clarke Quay and Robertson Quay. After all, this is where it all began.",http://singapore-river.com/,"Get to know the historic Singapore River and its famous quays: Boat Quay, Clarke Quay and Robertson Quay. This, after all, is where it all began.",,619DB3A77C312E77,20180619175243
kml_83,Joo Chiat/Katong: Singapore Peranakan Neighbourhood,www.yoursingapore.com/en/see-do-singapore/places-to-see/joochiat-katong.html,Other,103.9044799998,1.30600000026379,www.yoursingapore.com/content/dam/desktop/global/see-do-singapore/places-to-see/joochiat-katong-carousel01-rect.jpg,Spend a day exploring heritage shophouses and quaint stores at Joo Chiat/Katong.,,2015-10-12T15:49:21.359+08:00,1.306,103.90448,113 East Coast Road,,"Discover Peranakan culture as you stroll past heritage shophouses, quaint stores and eateries in this charming corner of eastern Singapore.",,"Discover Peranakan culture as you stroll past heritage shophouses, quaint stores and eateries in Joo Chiat/Katong, a charming corner of eastern Singapore.",,6C8E94468E2E7124,20180619175243
kml_84,"Sentosa Island, Singapore: Leisure & Attractions",www.yoursingapore.com/en/see-do-singapore/places-to-see/sentosa.html,Other,103.828090000417,1.24899999981163,www.yoursingapore.com/content/dam/desktop/global/see-do-singapore/places-to-see/sentosa-carousel01-rect-norender.jpg,"Get ready for laughs, thrills and loads of fun in the sun at Sentosa Island.",,2015-10-12T15:13:28.117+08:00,1.249,103.82809,33 Allanbrooke Road,,"Sentosa Island is Singaporeâ€™s favourite leisure destination with exciting attractions, golden beaches, luxe retreats and the countryâ€™s first integrated resort.",http://www.sentosa.com.sg,"Sentosa Island is Singaporeâ€™s favourite leisure destination, with more than 500 hectares filled with exciting attractions, golden beaches, luxe retreats and the countryâ€™s first integrated resort, Resorts World Sentosa.",,96E94C87B982648F,20180619175243
kml_85,Chinatown Singapore: History & Culture,www.yoursingapore.com/en/see-do-singapore/places-to-see/chinatown.html,Other,103.843770999559,1.28200000016801,www.yoursingapore.com/content/dam/desktop/global/see-do-singapore/places-to-see/chinatown-carousel01-rect.jpg,"Chinatown, Singapore is a bustling mix of old-world charm and modern delights.",,2015-10-12T14:54:36.802+08:00,1.282,103.843771,2 Banda Street,,"Singaporeâ€™s historic Chinatown is a bustling mix of old and new, filled with traditional shops and markets as well as cool stores and cafes.",http://www.chinatown.sg/,"Singaporeâ€™s legendary Chinatown is a bustling mix of old and new, filled with traditional shops and night markets as well as cool stores and cafes.",,B0548C755E3EC082,20180619175243
kml_86,Buddha Tooth Relic Temple & Museum,www.yoursingapore.com/en/see-do-singapore/culture-heritage/places-of-worship/buddha-tooth-relic-temple-museum.html,Museums,103.844380000323,1.28200000030998,,,,2015-11-02T10:18:49.556+08:00,1.282,103.84438,288 South Bridge Road,,This Tang-styled Chinese Buddhist temple in Chinatown gets its name from what the Buddhists regard as the Sacred Buddha Tooth Relic.,http://www.btrts.org.sg/,The Buddha Tooth Relic Temple & Museum is a Tang-styled Chinese Buddhist temple in Chinatown that gets its name from the Sacred Buddha Tooth Relic.,"Daily, 7am â€“ 7pm",B2F1C26B038D18E4,20180619175243
kml_87,Labrador Nature Reserve,www.yoursingapore.com/en/see-do-singapore/nature-wildlife/reserves/labrador-nature-reserve.html,Gardens and Nature,103.801944000256,1.26600000035136,www.yoursingapore.com/content/dam/desktop/global/see-do-singapore/nature-wildlife/labrador-nature-reserve-carousel01-rect.jpg,Labrador Nature Reserve in Singapore is a beautiful park that is rich with biodiversity.,National Parks Board,2015-03-30T12:57:27.648+08:00,1.266,103.801944,Labrador Villa Road,,"With its rich biodiversity and war relics, nature lovers and history enthusiasts will find plenty to do at Labrador Nature Reserve.",http://www.nparks.gov.sg/cms/index.php?option=com_visitorsguide&task=naturereserves&id=48,"With its rich biodiversity and war relics, nature lovers and history enthusiasts will find plenty to do at Labrador Nature Reserve.",,753BAD6A217FA42F,20180619175243
kml_88,Marina Bay Singapore: Attractions & Things to do,www.yoursingapore.com/en/see-do-singapore/places-to-see/marina-bay-area.html,Other,103.856454000297,1.27999999954675,www.yoursingapore.com/content/dam/desktop/global/see-do-singapore/places-to-see/marina-bay-area-carousel01-rect.jpg,Marina Bay Sands is an integrated resort with experiences like no other.,,2015-07-23T09:42:57.583+08:00,1.28,103.856454,11 Marina Boulevard,,"Marina Bay represents all things modern and super-stylish, from trendy dining destinations to exciting leisure spots.",http://www.marina-bay.sg,"Marina Bay represents all things modern and super-stylish in Singapore, from trendy dining destinations to fun leisure spots.",,6CE0801F52123ACB,20180619175243
kml_89,"Marina Bay Sands, Singapore",www.yoursingapore.com/en/see-do-singapore/recreation-leisure/resorts/marina-bay-sands.html,Food and Beverage,103.858989999847,1.28399999995606,www.yoursingapore.com/content/dam/desktop/global/see-do-singapore/recreation-leisure/marina-bay-sands-carousel01-rect.jpg,"Marina Bay Sands is an integrated resort fronting Marina Bay in Singapore and a landmark of the city. At its opening in 2010, it was deemed the world's most expensive standalone casino property at S$8 billion (US$6.88 billion). The resort includes a 1,850-room hotel, a 120,000-square-metre (1,300,000 sq ft) meetings and conventions facility at Sands Expo & Convention Centre, a 74,000-square-metre (800,000 sq ft) luxury shopping mall, The Shoppes at Marina Bay Sands, an ArtScience museum, a 2,183-capacity theatre, the world's first floating Apple store, the world's first Louis Vuitton Island Maison, celebrity chef and signature restaurants, and a casino with 500 tables and 3,000 electronic gaming machines.",,2015-09-01T15:35:42.052+08:00,1.284,103.85899,10 Bayfront Avenue,,"This iconic integrated resort boasts luxury accommodations, upscale shopping and an infinity pool with unparalleled views of the city.",http://www.marinabaysands.com/index.html,"Marina Bay SandsÂ® boasts luxury accommodations, upscale shopping and an infinity pool with unparalleled views of the city.",Opening hours varies. Please visit the official website for more information.,E5BB2C46D3EE44FE,20180619175243
kml_90,Chek Jawa,www.yoursingapore.com/en/see-do-singapore/nature-wildlife/reserves/chek-jawa.html,Gardens and Nature,103.963710000114,1.4079999997246,www.yoursingapore.com/content/dam/desktop/global/see-do-singapore/nature-wildlife/chek-jawa-carousel03-rect-norender.jpg,Bird lovers can spot rare species from a 21-metre tall viewing tower at Chek Jawa.,National Parks Board,2015-09-07T14:06:03.482+08:00,1.408,103.96371,"Chek Jawa, Pulau Ubin",0,"A world away from shopping malls and glitzy hotels, this natural wonder is one of Singaporeâ€™s richest eco-systems.",https://www.nparks.gov.sg/gardens-parks-and-nature/parks-and-nature-reserves/pulau-ubin-and-chek-jawa/what-to-see/about-chek-jawa,"A world away from shopping malls and glitzy hotels, the natural wonder of Chek Jawa is one of Singaporeâ€™s richest eco-systems.",,A74F81F2FB5B23A8,20180619175243
kml_91,"Merlion Park, Singapore: Attractions & Things to Do",www.yoursingapore.com/en/see-do-singapore/recreation-leisure/viewpoints/merlion-park.html,Food and Beverage,103.854551999653,1.28699999996102,www.yoursingapore.com/content/dam/desktop/global/see-do-singapore/recreation-leisure/merlion-park-skypark-carousel01-rect.jpg,Come and see the Singapore icon that is half-fish and half-lion at the Merlion Park.,,2015-10-06T17:28:25.792+08:00,1.287,103.854552,One Fullerton,,"Half-fish and half-lion, the iconic Merlion resides at the waterfront Merlion Park.",,"Merlion Park houses a Singapore icon that is half-fish and half-lion, and famous throughout the world.",,38420344FBD4E2E7,20180619175243
kml_92,Marina Bay Sands SkyPark,www.yoursingapore.com/en/see-do-singapore/recreation-leisure/viewpoints/marina-bay-sands-skypark.html,Food and Beverage,103.860810000284,1.28300000032845,www.yoursingapore.com/content/dam/desktop/global/see-do-singapore/recreation-leisure/marina-bay-sands-skypark-carousel01-rect.jpg,Take in stunning views from an infinity pool and observation deck in the clouds at the Marina Bay Sands SkyPark.,Andrew Tan,2015-09-28T18:27:45.210+08:00,1.283,103.86081,"Level 57, 10 Bayfront Avenue",,"The Marina Bay Sands SkyPark is a roof like no other, perched 200 metres in the air with an infinity pool and observation deck in the clouds.",http://www.marinabaysands.com/sands-skypark.html,"The Marina Bay SandsÂ®SkyPark is a roof like no other, perched 200 metres in the air with an infinity pool and observation deck in the clouds.","Monday to Thursday, 9.30am - 10pm.Friday to Sunday, 9.30am - 11pm",8438A8929B2FABF8,20180619175243
kml_93,"Resorts World Sentosa, Singapore",www.yoursingapore.com/en/see-do-singapore/recreation-leisure/resorts/resorts-world-sentosa.html,Food and Beverage,103.820330000436,1.25700000004174,www.yoursingapore.com/content/dam/desktop/global/see-do-singapore/recreation-leisure/resorts-world-sentosa-carousel01-rect.jpg,"From world-class theme parks to celebrity restaurants, Resorts World Sentosa has it all.",Resort World Sentosa,2015-09-28T18:21:18.109+08:00,1.257,103.82033,"8 Sentosa Gateway, Sentosa Island",,Experience endless excitement at Resorts World Sentosa with a variety of attractions and entertainment hot spots.,http://www.rwsentosa.com,"Whether itâ€™s themes parks, world-class performances or celebrity restaurants, youâ€™ll never run out of things to do at Resorts Worldâ„¢ Sentosa.",Opening hours differ for the various attractions.,8C49472B1AD4B536,20180619175243
kml_94,Singapore Garden & Singapore Park,www.yoursingapore.com/en/see-do-singapore/nature-wildlife/parks-gardens/the-southern-ridges.html,Gardens and Nature,103.817588999968,1.28100000031607,www.yoursingapore.com/content/dam/desktop/global/see-do-singapore/recreation-leisure/resorts-world-sentosa-carousel01-rect.jpg,"From world-class theme parks to celebrity restaurants, Resorts World Sentosa has it all.",Resort World Sentosa,2015-09-09T09:59:33.518+08:00,1.281,103.817589,"Henderson Road, Mount Faber Park, Telok Blangah Hill Park",,This 10-km stretch of connecting trails lets you walk among the trees to observe a wide variety of flora and fauna in their natural habitat.,,The Southern Ridges is a 10-km stretch of connecting trails which lets you walk among the trees to observe a wide variety of flora and fauna in their natural habitat.,,D1353188ED7A51A2,20180619175243
kml_95,Sungei Buloh,www.yoursingapore.com/en/see-do-singapore/nature-wildlife/reserves/sungei-buloh-wetland-reserve.html,Gardens and Nature,103.730149000054,1.44699999964566,www.yoursingapore.com/content/dam/desktop/global/see-do-singapore/nature-wildlife/the-southern-ridges-carousel01-rect.jpg,Get up close with a wide variety of flora and fauna in their natural habitat at this Singapore Garden.,National Parks Board,2015-10-02T15:32:19.572+08:00,1.447,103.730149,301 Neo Tiew Crescent,,"Sungei Buloh Wetland Reserve is a nature reserve in the northwest area of Singapore. It is the first wetlands reserve to be gazetted in Singapore (2002), and its global importance as a stop-over point for migratory birds was recognised by the inclusion of the reserve into the East Asian Australasian Shorebird Site Network. The reserve, with an area of 130 hectares, was listed as an ASEAN Heritage Park in 2003.",https://www.nparks.gov.sg/sbwr,The ecological wonder of Sungei Buloh will transport you into a world rich in animal and plant life.,,E597C7266E042D5D,20180619175243
kml_96,S.E.A. Aquarium,www.yoursingapore.com/en/see-do-singapore/nature-wildlife/fun-with-animals/sea-aquarium.html,Gardens and Nature,103.819492999936,1.25700000023439,www.yoursingapore.com/content/dam/desktop/global/see-do-singapore/nature-wildlife/sungei-buloh-wetland-reserve-carousel01-rect.jpg,Explore a world rich with animal and plant life at the Sungei Buloh Wetland Reserve.,,2015-10-02T15:23:07.822+08:00,1.257,103.819493,"8 Sentosa Gateway, Sentosa Island",,"Immerse yourself underwater at the S.E.A. Aquariumâ„¢ and discover more than 100,000 marine animals.",http://www.rwsentosa.com/language/en-US/Homepage/Attractions/MarineLifePark,Immerse yourself underwater at the S.E.A. Aquariumâ„¢ and take a look into the planetâ€™s largest window to the ocean.,Open daily at 10am.Closing time varies. Please visit the official website for more information.,9134D87554DCEE92,20180619175243
kml_97,Singapore Botanic Gardens,www.yoursingapore.com/en/see-do-singapore/nature-wildlife/parks-gardens/singapore-botanic-gardens.html,Gardens and Nature,103.81591400038,1.31399999971771,www.yoursingapore.com/content/dam/desktop/global/see-do-singapore/nature-wildlife/singapore-botanic-gardens-carousel01-rect.jpg,"The Singapore Botanic Gardens is a 166-year-old tropical garden located at the fringe of the Orchard Road shopping district in Singapore. It is one of three gardens, and the only tropical garden, to be honoured as a UNESCO World Heritage Site.",,2015-10-02T15:27:52.272+08:00,1.314,103.815914,1 Cluny Road,,"Singaporeâ€™s oldest garden is a treasure trove for plant lovers, or those who simply want to have a good time outdoors.",http://www.sbg.org.sg,"Singaporeâ€™s Botanic Gardens is a treasure trove for plant lovers, or those who simply want to have a good time outdoors.","Singapore Botanic Gardens Daily, 5am - 12am National Orchid Garden Daily, 8.30am - 7pm(last ticket sales at 6pm)Jacob Ballas Children's Garden Tuesday to Sunday, 8am - 7pm(last admission: 6.30pm)Closed every Monday (except when it falls on a designated public holiday)SBG Heritage MuseumDaily*, 9am - 6pm*Closed every last Monday of the month (except when it falls on a designated public holiday, it will be closed the following day)",996D763831AEBD0A,20180619175243
kml_98,Singapore Zoo,www.yoursingapore.com/en/see-do-singapore/nature-wildlife/fun-with-animals/singapore-zoo.html,Gardens and Nature,103.793022999905,1.40400000006262,www.yoursingapore.com/content/dam/desktop/global/see-do-singapore/nature-wildlife/singapore-zoo-carousel04-rect.jpg,The award-winning Singapore Zoo lets you see your favourite animals in all their natural wonder.,Wildlife Reserves Singapore,2015-09-22T09:45:21.173+08:00,1.404,103.793023,80 Mandai Lake Road,,"Singaporeâ€™s zoo is a beautiful, award-winning wildlife park, where animals can roam freely in their natural habitats.",http://www.zoo.com.sg,Catch animals in their natural habitats at the award-winning Singapore Zoo.,"Daily, 8.30am â€“ 6pm(last ticket sale at 5.30pm)",18667098ECAA1337,20180619175243
kml_99,River Safari Singapore,www.yoursingapore.com/en/see-do-singapore/nature-wildlife/fun-with-animals/river-safari-singapore.html,Gardens and Nature,103.78942299962,1.40399999993071,www.yoursingapore.com/content/dam/desktop/global/see-do-singapore/nature-wildlife/river-safari-singapore-carousel01-rect.jpg,"Meet manatees, monkeys and more as you ride the world's rivers at River Safari, Singapore.",,2015-09-22T10:33:35.047+08:00,1.404,103.789423,80 Mandai Lake Road,,"River Wonders, formerly known as River Safari, is a river-themed zoo and aquarium located in Mandai, Singapore, it forms a part of the Mandai Wildlife Reserve, consisting of the Singapore Zoo, Night Safari and Bird Paradise and the newly opened Rainforest Wild.",http://www.riversafari.com.sg,The River Safari Singapore is a fascinating new wildlife park that recreates life in and around the worldâ€™s rivers.,"Daily, 10am - 7pm",66488FA65567B198,20180619175243
kml_100,Cable Car Singapore & Mount Faber,www.yoursingapore.com/en/see-do-singapore/nature-wildlife/parks-gardens/mount-faber.html,Gardens and Nature,103.819206000278,1.27099999983543,www.yoursingapore.com/content/dam/desktop/global/see-do-singapore/nature-wildlife/mount-faber-carouse01-rect.jpg,Spend a unique evening overlooking spectacular views on a cable car in Singapore's Mount Faber.,,2015-10-02T15:13:15.155+08:00,1.271,103.819206,109 Mount Faber Road,0,Getting to this hilltop dining and entertainment spot at Mount Faber by cable car  is half the fun.,http://www.mountfaber.com.sg/,Getting to the hilltop dining and entertainment spot at Mount Faber by cable car is half the fun.,,49FF8DB6217FEF79,20180619175243
kml_101,Night Safari,www.yoursingapore.com/en/see-do-singapore/nature-wildlife/fun-with-animals/night-safari.html,Gardens and Nature,103.788061000136,1.40199999958714,www.yoursingapore.com/content/dam/desktop/global/see-do-singapore/nature-wildlife/night-safari-carousel01-rect.jpg,"Enter a world of nocturnal creatures at the Night Safari, Singapore.",,2015-10-02T15:15:50.135+08:00,1.402,103.788061,80 Mandai Lake Road,,"Instead of going to a club, pop into another popular nightspot, the Night Safari, and mingle with a different crowd of animals at this special zoo.",http://www.nightsafari.com.sg,Head to the Night Safari for an after dark visit to the weird and wonderful creatures of the night.,"Daily, 7.30pm - 12am .Last ticket sale at 11.15pm.F and B and retail outlets open from 5.30pm",8BA1B3A7C79E9CA7,20180619175243
kml_102,Pulau Ubin & Singapore Islands,www.yoursingapore.com/en/see-do-singapore/nature-wildlife/singapore-islands/pulau-ubin.html,Gardens and Nature,103.959261000402,1.41399999977259,,"Pulau Ubin is an island northeast of mainland Singapore. Cycle trails and footpaths criss-cross the hills, going past disused granite quarries and traditional kampongs (villages). Kingfishers and bulbul birds inhabit the tidal flats and mangroves of the Chek Jawa Wetlands. The Jejawi observation tower and a looped boardwalk offer views of this area. Fo Shan Ting Da Bo Gong Temple houses statues of local deities. ",,2015-10-02T15:18:44.241+08:00,1.414,103.959261,Pulau Ubin,0,"Gravel roads, lush forests and abundant wildlife â€“ Pulau Ubin is a living showcase of what Singapore was like in the 1960s.",http://www.nparks.gov.sg/cms/index.php?option=com_visitorsguide&task=parks&id=29&Itemid=73,"Hop on a bumboat to the island of Pulau Ubin if you want a taste of nature and rustic village life, away from the hustle and bustle of Singapore.",,797CCAAC0AC70CA1,20180619175243
kml_103,Little India Singapore: History & Culture,www.yoursingapore.com/en/see-do-singapore/places-to-see/little-india.html,Other,103.849820000248,1.30700000001345,www.yoursingapore.com/content/dam/desktop/global/see-do-singapore/places-to-see/little-india-carousel01-rect.jpg,"Immerse yourself in the rich culture of Little India, Singapore.",,2015-10-12T15:10:33.979+08:00,1.307,103.84982,60 Bukit Timah Road,,Little India is a buzzing historic area that shows off the best of Singaporeâ€™s Indian community from vibrant culture to incredible shopping.,http://www.littleindia.com.sg/,"Little India is a buzzing historic district that shows off the best of Singaporeâ€™s Indian community, from vibrant culture to ethnic-inspired shopping.",,4E505C4139BD1E3A,20180619175243
kml_104,"Orchard Road, Singapore: Asia's Most Famous Shopping Street",www.yoursingapore.com/en/see-do-singapore/places-to-see/orchard.html,Shopping,103.832489999886,1.30399999967044,www.yoursingapore.com/content/dam/desktop/global/see-do-singapore/places-to-see/orchard-carousel01-rect.jpg,"Orchard Road, Singapore is nothing short of a shopper's paradise.",Goh Hak Liang,2015-10-14T14:29:19.486+08:00,1.304,103.83249,437 Orchard Road,,"Orchard Road, Asia's most famous shopping street, is home to fashion favourites, specialist stores and loads of other lifestyle choices.",http://www.orchardroad.org/,"Donâ€™t miss a trip to Orchard Road. Asiaâ€™s most famous shopping street is home to fashion favourites, specialist stores and loads of other lifestyle choices.",,BA90E4BD24EB506E,20180619175243
kml_105,MacRitchie Singapore & Singapore Nature Reserve,www.yoursingapore.com/en/see-do-singapore/nature-wildlife/reserves/macritchie-nature-reserve.html,Gardens and Nature,103.822346000248,1.34499999994054,www.yoursingapore.com/content/dam/desktop/global/see-do-singapore/nature-wildlife/macritchie-nature-reserve-carousel01-rect.jpg,MacRitchie Reservoir is natureâ€™s playground for those who love the great outdoors.,,2015-10-15T18:52:17.740+08:00,1.345,103.822346,MacRitchie Reservoir Park,,The attractions around MacRitchie Reservoir is a playground of nature for those who love the outdoors.,http://www.nparks.gov.sg/cms/macritchie.php?option=com_visitorsguide&task=naturereserves&id=49&Itemid=75,"The attractions around MacRitchie Reservoir caters to fitness fanatics, water sports enthusiasts and nature lovers.",,55CEE55B4F6A895A,20180619175243
kml_106,Gardens by the Bay,www.yoursingapore.com/en/see-do-singapore/nature-wildlife/parks-gardens/gardens-by-the-bay.html,Gardens and Nature,103.863612999589,1.28199999966925,www.yoursingapore.com/content/dam/desktop/global/see-do-singapore/nature-wildlife/gardens-by-the-bay-carousel02-rect.jpg,Be mesmerised by stunning waterfront views at the award-winning horticultural destination that is Gardens by the Bay.,Derrick See,2015-10-19T15:26:06.746+08:00,1.282,103.863613,18 Marina Gardens Drive,,"This sprawling garden in the city provides mesmerising waterfront views across three gardens, spanning over 101 hectares of reclaimed land.",http://www.gardensbythebay.com.sg/en/home.html,"Gardens by the Bay provides mesmerising waterfront views across three gardens, spanning over 101 hectares of reclaimed land.","Bay South Outdoor Gardens Daily, 5am - 2am Cooled Conservatories and OCBC Skyway Daily, 9am - 9pm(last ticket sale at 8pm).Far East Organization Children's Garden Tuesday* to Friday, 10am - 7pm(last admission: 6.30pm)*Closed on Tuesday if a public holiday falls on the preceding Monday Weekends and public holidays, 9am - 9pm(last admission: 8.30pm)",76915C78CEAAEB32,20180619175243
kml_107,"Civic District, Singapore",www.yoursingapore.com/en/see-do-singapore/places-to-see/civic-district.html,Other,103.852220000031,1.29299999971177,www.yoursingapore.com/content/dam/desktop/global/see-do-singapore/places-to-see/civic-district-carousel01-rect.jpg,"Immerse yourself in a day of history and culture at the Civic District, Singapore.",,2015-10-13T14:04:28.278+08:00,1.293,103.85222,150 North Bridge Road,,"The Civic District is where Singaporeâ€™s historical, architectural and cultural heritage started.",,"The Civic District is where Singaporeâ€™s historical, architectural and cultural heritage starts.",,6C2A4BCE94CE4175,20180619175243
kml_108,"HarbourFront, Singapore",www.yoursingapore.com/en/see-do-singapore/places-to-see/harbourfront.html,Other,103.820570000177,1.26500000005246,www.yoursingapore.com/content/dam/desktop/global/see-do-singapore/places-to-see/harbourfront-carousel01-rect.jpg,"HarbourFront, Singapore is your exciting gateway to entertainment and Singapore's outlying islands.",St. James Holdings Ltd,2015-10-12T15:30:50.116+08:00,1.265,103.82057,81 Telok Blangah Road,,"HarbourFront is the place to go if you're hopping on a cruise from Singapore, taking a regional ferry or simply want to eat, shop or relax.",http://www.shba.org.sg/,"HarbourFront is the place to go if you're hopping on a cruise from Singapore, taking a ferry to the outlying islands or simply want to eat, shop or relax.",,D8640AC2A93885F8,20180619175243
kml_109,"Bras Basah Bugis, Singapore Cultural District",www.yoursingapore.com/en/see-do-singapore/places-to-see/bras-basah-bugis.html,Other,103.856240000084,1.30099999961535,www.yoursingapore.com/content/dam/desktop/global/see-do-singapore/places-to-see/bras-basah-bugis-carousel01-rect.jpg,Thereâ€™s nowhere else quite like shopping at Bugis.,,2015-10-12T15:34:32.303+08:00,1.301,103.85624,220 Victoria Street,,"The Bras Basah Bugis Precinct is the arts and heritage district in Singapore's civic centre, and home to museums and monuments.",http://www.brasbasahbugis.sg/,"The Bras Basah.Bugis Precinct is the vibrant arts and cultural district in the heart of Singapore's civic centre, and home to top museums and monuments.",,44132C4232BA16E5,20180619175243
